id,name,06/21,06/28
WCRFPUS2,Weekly U.S. Field Production of Crude Oil  (Thousand Barrels per Day),13200,13200
W_EPC0_FPF_SAK_MBBLD,Weekly Alaska Field Production of Crude Oil  (Thousand Barrels per Day),410,383
W_EPC0_FPF_R48_MBBLD,Weekly Lower 48 States Field Production of Crude Oil  (Thousand Barrels per Day),12800,12800
WCRRIUS2,Weekly U.S. Refiner Net Input of Crude Oil  (Thousand Barrels per Day),16532,16792
WCRRIP12,Weekly East Coast (PADD 1) Refiner Net Input of Crude Oil  (Thousand Barrels per Day),779,838
WCRRIP22,Weekly Midwest (PADD 2) Refiner Net Input of Crude Oil  (Thousand Barrels per Day),3881,3943
WCRRIP32,Weekly Gulf Coast (PADD 3) Refiner Net Input of Crude Oil  (Thousand Barrels per Day),9119,9246
WCRRIP42,Weekly Rocky Mountain (PADD 4) Refiner Net Input of Crude Oil  (Thousand Barrels per Day),619,624
WCRRIP52,Weekly West Coast (PADD 5) Refiner Net Input of Crude Oil  (Thousand Barrels per Day),2134,2140
WGIRIUS2,Weekly U.S. Gross Inputs into Refineries  (Thousand Barrels per Day),16895,17143
WGIRIP12,Weekly East Coast (PADD 1) Gross Inputs into Refineries  (Thousand Barrels per Day),829,841
WGIRIP22,Weekly Midwest (PADD 2) Gross Inputs into Refineries  (Thousand Barrels per Day),3889,3954
WGIRIP32,Weekly Gulf Coast (PADD 3) Gross Inputs into Refineries  (Thousand Barrels per Day),9337,9523
WGIRIP42,Weekly Rocky Mountain (PADD 4) Gross Inputs into Refineries  (Thousand Barrels per Day),616,621
WGIRIP52,Weekly West Coast (PADD 5) Gross Inputs into Refineries  (Thousand Barrels per Day),2224,2204
WOCLEUS2,Weekly U. S. Operable Crude Oil Distillation Capacity   (Thousand Barrels per Calendar Day),18326,18326
W_NA_YRL_R10_MBBLD,Weekly East Coast (PADD 1) Operable Crude Oil Distillation Capacity   (Thousand Barrels per Calendar Day),910,910
W_NA_YRL_R20_MBBLD,Weekly Midwest (PADD 2) Operable Crude Oil Distillation Capacity   (Thousand Barrels per Calendar Day),4246,4246
W_NA_YRL_R30_MBBLD,Weekly Gulf Coast (PADD 3) Operable Crude Oil Distillation Capacity   (Thousand Barrels per Calendar Day),9987,9987
W_NA_YRL_R40_MBBLD,Weekly Rocky Mountains (PADD 4) Operable Crude Oil Distillation Capacity   (Thousand Barrels per Calendar Day),652,652
W_NA_YRL_R50_MBBLD,Weekly West Coast (PADD 5) Operable Crude Oil Distillation Capacity   (Thousand Barrels per Calendar Day),2531,2531
WPULEUS3,Weekly U.S. Percent Utilization of Refinery Operable Capacity (Percent),92.2,93.5
W_NA_YUP_R10_PER,Weekly East Coast (PADD 1) Percent Utilization of Refinery Operable Capacity (Percent),91.1,92.4
W_NA_YUP_R20_PER,Weekly Midwest (PADD 2) Percent Utilization of Refinery Operable Capacity (Percent),91.6,93.1
W_NA_YUP_R30_PER,Weekly Gulf Coast (PADD 3) Percent Utilization of Refinery Operable Capacity (Percent),93.5,95.4
W_NA_YUP_R40_PER,Weekly Rocky Mountains (PADD 4) Percent Utilization of Refinery Operable Capacity (Percent),94.4,95.2
W_NA_YUP_R50_PER,Weekly West Coast (PADD 5) Percent Utilization of Refinery Operable Capacity (Percent),87.9,87.1
WBCRI_NUS_2,Weekly U.S. Refiner and Blender Net Input of Gasoline Blending Components  (Thousand Barrels per Day),625,535
WBCRI_R10_2,Weekly East Coast (PADD 1) Refiner and Blender Net Input of Gasoline Blending Components  (Thousand Barrels per Day),2537,2560
WBCRI_R20_2,Weekly Midwest (PADD 2) Refiner and Blender Net Input of Gasoline Blending Components  (Thousand Barrels per Day),304,295
WBCRI_R30_2,Weekly Gulf Coast (PADD 3) Refiner and Blender Net Input of Gasoline Blending Components  (Thousand Barrels per Day),-2421,-2523
WBCRI_R40_2,Weekly Rocky Mountain (PADD 4) Refiner and Blender Net Input of Gasoline Blending Components  (Thousand Barrels per Day),57,77
WBCRI_R50_2,Weekly West Coast (PADD 5) Refiner and Blender Net Input of Gasoline Blending Components  (Thousand Barrels per Day),148,126
W_EPOBGRR_YIR_NUS_MBBLD,"Weekly U.S. Refiner and Blender Net Input of Motor Gasoline Blending Components, RBOB  (Thousand Barrels per Day)",254,547
W_EPOBGRR_YIR_R10_MBBLD,"Weekly East Coast (PADD 1) Refiner and Blender Net Input of Motor Gasoline Blending Components, RBOB  (Thousand Barrels per Day)",564,747
W_EPOBGRR_YIR_R20_MBBLD,"Weekly Midwest (PADD2) Refiner and Blender Net Input of Motor Gasoline Blending Components, RBOB  (Thousand Barrels per Day)",136,56
W_EPOBGRR_YIR_R30_MBBLD,"Weekly Gulf Coast (PADD 3) Refiner and Blender Net Input of Motor Gasoline Blending Components, RBOB  (Thousand Barrels per Day)",-577,-353
W_EPOBGRR_YIR_R40_MBBLD,"Weekly Rocky Mountain (PADD 4) Refiner and Blender Net Input of Motor Gasoline Blending Components, RBOB  (Thousand Barrels per Day)",55,49
W_EPOBGRR_YIR_R50_MBBLD,"Weekly West Coast (PADD 5) Refiner and Blender Net Input of Motor Gasoline Blending Components, RBOB  (Thousand Barrels per Day)",76,48
WO6RI_NUS_2,Weekly U.S. Refiner and Blender Net Input of Conventional CBOB Gasoline Blending Components  (Thousand Barrels per Day),96,159
WO6RI_R10_2,Weekly East Coast (PADD 1) Refiner and Blender Net Input of Conventional CBOB Gasoline Blending Components  (Thousand Barrels per Day),1600,1658
WO6RI_R20_2,Weekly Midwest (PADD 2) Refiner and Blender Net Input of Conventional CBOB Gasoline Blending Components  (Thousand Barrels per Day),264,251
WO6RI_R30_2,Weekly Gulf Coast (PADD 3) Refiner and Blender Net Input of Conventional CBOB Gasoline Blending Components  (Thousand Barrels per Day),-1761,-1842
WO6RI_R40_2,Weekly Rocky Mountain (PADD 4) Refiner and Blender Net Input of Conventional CBOB Gasoline Blending Components  (Thousand Barrels per Day),-4,33
WO6RI_R50_2,Weekly West Coast (PADD 5) Refiner and Blender Net Input of Conventional CBOB Gasoline Blending Components  (Thousand Barrels per Day),-4,60
WO7RI_NUS_2,Weekly U.S. Refiner and Blender Net Input of Conventional GTAB Gasoline Blending Components  (Thousand Barrels per Day),131,21
WO7RI_R10_2,Weekly East Coast (PADD 1) Refiner and Blender Net Input of Conventional GTAB Gasoline Blending Components  (Thousand Barrels per Day),131,21
WO7RI_R20_2,Weekly Midwest (PADD 2) Refiner and Blender Net Input of Conventional GTAB Gasoline Blending Components  (Thousand Barrels per Day),0,0
WO7RI_R30_2,Weekly Gulf Coast (PADD 3) Refiner and Blender Net Input of Conventional GTAB Gasoline Blending Components  (Thousand Barrels per Day),0,0
WO7RI_R40_2,Weekly Rocky Mountain (PADD 4) Refiner and Blender Net Input of Conventional GTAB Gasoline Blending Components  (Thousand Barrels per Day),0,0
WO7RI_R50_2,Weekly West Coast (PADD 5) Refiner and Blender Net Input of Conventional GTAB Gasoline Blending Components  (Thousand Barrels per Day),0,0
WO9RI_NUS_2,Weekly U.S. Refiner and Blender Net Input of Conventional Other Gasoline Blending Components  (Thousand Barrels per Day),144,-193
WO9RI_R10_2,Weekly East Coast (PADD 1) Refiner and Blender Net Input of Conventional Other Gasoline Blending Components  (Thousand Barrels per Day),243,134
WO9RI_R20_2,Weekly Midwest (PADD 2) Refiner and Blender Net Input of Conventional Other Gasoline Blending Components  (Thousand Barrels per Day),-97,-12
WO9RI_R30_2,Weekly Gulf Coast (PADD 3) Refiner and Blender Net Input of Conventional Other Gasoline Blending Components  (Thousand Barrels per Day),-83,-328
WO9RI_R40_2,Weekly Rocky Mountain (PADD 4) Refiner and Blender Net Input of Conventional Other Gasoline Blending Components  (Thousand Barrels per Day),6,-6
WO9RI_R50_2,Weekly West Coast (PADD 5) Refiner and Blender Net Input of Conventional Other Gasoline Blending Components  (Thousand Barrels per Day),76,18
W_EPOOXE_YIR_NUS_MBBLD,Weekly U.S. Refiner and Blender Net Input of Fuel Ethanol  (Thousand Barrels per Day),927,925
W_EPOOXE_YIR_R10_MBBLD,Weekly East Coast (PADD 1) Refiner and Blender Net Input of Fuel Ethanol  (Thousand Barrels per Day),334,336
W_EPOOXE_YIR_R20_MBBLD,Weekly Midwest (PADD 2) Refiner and Blender Net Input of Fuel Ethanol  (Thousand Barrels per Day),254,252
W_EPOOXE_YIR_R30_MBBLD,Weekly Gulf Coast (PADD 3) Refiner and Blender Net Input of Fuel Ethanol  (Thousand Barrels per Day),157,157
W_EPOOXE_YIR_R40_MBBLD,Weekly Rocky Mountain (PADD 4) Refiner and Blender Net Input of Fuel Ethanol  (Thousand Barrels per Day),34,34
W_EPOOXE_YIR_R50_MBBLD,Weekly West Coast (PADD 5) Refiner and Blender Net Input of Fuel Ethanol  (Thousand Barrels per Day),147,145
WGFRPUS2,Weekly U.S. Refiner and Blender Adjusted Net Production of Finished Motor Gasoline  (Thousand Barrels per Day),9881,10061
W_EPM0F_YPR_NUS_MBBLD,Weekly U.S. Refiner and Blender Net Production of Finished Motor Gasoline  (Thousand Barrels per Day),10016,9752
WGFRPP12,Weekly East Coast (PADD 1) Refiner and Blender Net Production of Finished Motor Gasoline  (Thousand Barrels per Day),3308,3300
WGFRPP22,Weekly Midwest (PADD 2) Refiner and Blender Net Production of Finished Motor Gasoline  (Thousand Barrels per Day),2598,2575
WGFRPP32,Weekly Gulf Coast (PADD 3) Refiner and Blender Net Production of Finished Motor Gasoline  (Thousand Barrels per Day),2248,2081
WGFRPP42,Weekly Rocky Mountain (PADD 4) Refiner and Blender Net Production of Finished Motor Gasoline  (Thousand Barrels per Day),400,392
WGFRPP52,Weekly West Coast (PADD 5) Refiner and Blender Net Production of Finished Motor Gasoline  (Thousand Barrels per Day),1462,1403
W_EPM0F_VUA_NUS_MBBLD,Weekly U.S. Supply Adjustment of Finished Motor Gasoline  (Thousand Barrels per Day),-135,309
WGRRPUS2,Weekly U.S. Refiner and Blender Net Production of Reformulated Motor Gasoline  (Thousand Barrels per Day),3173,3120
WGRRPP12,Weekly East Coast (PADD 1) Refiner and Blender Net Production of Reformulated Motor Gasoline  (Thousand Barrels per Day),1220,1223
WGRRPP22,Weekly Midwest (PADD 2) Refiner and Blender Net Production of Reformulated Motor Gasoline  (Thousand Barrels per Day),363,342
WGRRPP32,Weekly Gulf Coast (PADD 3) Refiner and Blender Net Production of Reformulated Motor Gasoline  (Thousand Barrels per Day),512,502
WGRRPP42,Weekly Rocky Mountain (PADD 4) Refiner and Blender Net Production of Reformulated Motor Gasoline  (Thousand Barrels per Day),62,55
WGRRPP52,Weekly West Coast (PADD 5) Refiner and Blender Net Production of Reformulated Motor Gasoline  (Thousand Barrels per Day),1016,998
WG1TP_NUS_2,Weekly U.S. Refiner and Blender Net Production of Finished Reformulated Motor Gasoline with Ethanol  (Thousand Barrels per Day),3172,3120
WG1TP_R10_2,Weekly East Coast (PADD 1) Refiner and Blender Net Production of Finished Reformulated Motor Gasoline with Ethanol  (Thousand Barrels per Day),1220,1223
WG1TP_R20_2,Weekly Midwest (PADD 2) Refiner and Blender Net Production of Finished Reformulated Motor Gasoline with Ethanol  (Thousand Barrels per Day),363,342
WG1TP_R30_2,Weekly Gulf Coast (PADD 3) Refiner and Blender Net Production of Finished Reformulated Motor Gasoline with Ethanol  (Thousand Barrels per Day),512,502
WG1TP_R40_2,Weekly Rocky Mountain (PADD 4) Refiner and Blender Net Production of Finished Reformulated Motor Gasoline with Ethanol  (Thousand Barrels per Day),62,55
WG1TP_R50_2,Weekly West Coast (PADD 5) Refiner and Blender Net Production of Finished Reformulated Motor Gasoline with Ethanol  (Thousand Barrels per Day),1016,998
W_EPM0RO_YPT_NUS_MBBLD,Weekly U.S. Refiner and Blender Net Production of Other Finished Reformulated Motor Gasoline  (Thousand Barrels per Day),0,0
W_EPM0RO_YPT_R10_MBBLD,Weekly East Coast (PADD 1) Refiner and Blender Net Production of Other Finished Reformulated Motor Gasoline  (Thousand Barrels per Day),0,0
W_EPM0RO_YPT_R20_MBBLD,Weekly Midwest (PADD 2) Refiner and Blender Net Production of Other Finished Reformulated Motor Gasoline  (Thousand Barrels per Day),0,0
W_EPM0RO_YPT_R30_MBBLD,Weekly Gulf Coast (PADD 3) Refiner and Blender Net Production of Other Finished Reformulated Motor Gasoline  (Thousand Barrels per Day),0,0
W_EPM0RO_YPT_R40_MBBLD,Weekly Rocky Mountain (PADD 4) Refiner and Blender Net Production of Other Finished Reformulated Motor Gasoline  (Thousand Barrels per Day),0,0
W_EPM0RO_YPT_R50_MBBLD,Weekly West Coast (PADD 5)  Refiner and Blender Net Production of Other Finished Reformulated Motor Gasoline  (Thousand Barrels per Day),0,0
WG4TP_NUS_2,Weekly U.S. Refiner and Blender Net Production of Conventional Motor Gasoline  (Thousand Barrels per Day),6843,6632
WG4TP_R10_2,Weekly East Coast (PADD 1) Refiner and Blender Net Production of Conventional Motor Gasoline  (Thousand Barrels per Day),2088,2077
WG4TP_R20_2,Weekly Midwest (PADD 2) Refiner and Blender Net Production of Conventional Motor Gasoline  (Thousand Barrels per Day),2235,2234
WG4TP_R30_2,Weekly Gulf Coast (PADD 3) Refiner and Blender Net Production of Conventional Motor Gasoline  (Thousand Barrels per Day),1736,1579
WG4TP_R40_2,Weekly Rocky Mountain (PADD 4) Refiner and Blender Net Production of Conventional Motor Gasoline  (Thousand Barrels per Day),339,337
WG4TP_R50_2,Weekly West Coast (PADD 5) Refiner and Blender Net Production of Conventional Motor Gasoline  (Thousand Barrels per Day),446,405
WG5TP_NUS_2,Weekly U.S. Refiner and Blender Net Production of Finished Conventional Motor Gasoline with Ethanol  (Thousand Barrels per Day),5969,5983
WG5TP_R10_2,Weekly East Coast (PADD 1) Refiner and Blender Net Production of Finished Conventional Motor Gasoline with Ethanol  (Thousand Barrels per Day),2101,2107
WG5TP_R20_2,Weekly Midwest (PADD 2) Refiner and Blender Net Production of Finished Conventional Motor Gasoline with Ethanol  (Thousand Barrels per Day),2106,2114
WG5TP_R30_2,Weekly Gulf Coast (PADD 3) Refiner and Blender Net Production of Finished Conventional Motor Gasoline with Ethanol  (Thousand Barrels per Day),1041,1029
WG5TP_R40_2,Weekly Rocky Mountain (PADD 4) Refiner and Blender Net Production of Finished Conventional Motor Gasoline with Ethanol  (Thousand Barrels per Day),276,285
WG5TP_R50_2,Weekly West Coast (PADD 5) Refiner and Blender Net Production of Finished Conventional Motor Gasoline with Ethanol  (Thousand Barrels per Day),446,448
W_EPM0CAL55_YPT_NUS_MBBLD,"Weekly U.S. Refiner and Blender Net Production of Finished Conventional Motor Gasoline, Ed 55 and Lower  (Thousand Barrels per Day)",5959,5973
W_EPM0CAL55_YPT_R10_MBBLD,"Weekly East Coast (PADD 1) Refiner and Blender Net Production of Finished Conventional Motor Gasoline, Ed 55 and Lower  (Thousand Barrels per Day)",2098,2104
W_EPM0CAL55_YPT_R20_MBBLD,"Weekly Midwest (PADD 2) Refiner and Blender Net Production of Finished Conventional Motor Gasoline, Ed 55 and Lower  (Thousand Barrels per Day)",2100,2109
W_EPM0CAL55_YPT_R30_MBBLD,"Weekly Gulf Coast (PADD 3) Refiner and Blender Net Production of Finished Conventional Motor Gasoline, Ed 55 and Lower  (Thousand Barrels per Day)",1040,1028
W_EPM0CAL55_YPT_R40_MBBLD,"Weekly Rocky Mountain (PADD 4) Refiner and Blender Net Production of Finished Conventional Motor Gasoline, Ed 55 and Lower  (Thousand Barrels per Day)",276,285
W_EPM0CAL55_YPT_R50_MBBLD,"Weekly West Coast (PADD 5)  Refiner and Blender Net Production of Finished Conventional Motor Gasoline, Ed 55 and Lower  (Thousand Barrels per Day)",445,447
W_EPM0CAG55_YPT_NUS_MBBLD,"Weekly U.S. Refiner and Blender Net Production of Finished Conventional Motor Gasoline, Greater than Ed 55  (Thousand Barrels per Day)",10,10
W_EPM0CAG55_YPT_R10_MBBLD,"Weekly East Coast (PADD 1) Refiner and Blender Net Production of Finished Conventional Motor Gasoline, Greater than Ed 55  (Thousand Barrels per Day)",3,3
W_EPM0CAG55_YPT_R20_MBBLD,"Weekly Midwest (PADD 2) Refiner and Blender Net Production of Finished Conventional Motor Gasoline, Greater than Ed 55  (Thousand Barrels per Day)",6,5
W_EPM0CAG55_YPT_R30_MBBLD,"Weekly Gulf Coast (PADD 3) Refiner and Blender Net Production of Finished Conventional Motor Gasoline, Greater than Ed 55  (Thousand Barrels per Day)",1,1
W_EPM0CAG55_YPT_R40_MBBLD,"Weekly Rocky Mountain (PADD 4) Refiner and Blender Net Production of Finished Conventional Motor Gasoline, Greater than Ed 55  (Thousand Barrels per Day)",0,0
W_EPM0CAG55_YPT_R50_MBBLD,"Weekly West Coast (PADD 5)  Refiner and Blender Net Production of Finished Conventional Motor Gasoline, Greater than Ed 55  (Thousand Barrels per Day)",0,0
WG6TP_NUS_2,Weekly U.S. Refiner and Blender Net Production of Other Finished Conventional Motor Gasoline  (Thousand Barrels per Day),874,649
WG6TP_R10_2,Weekly East Coast (PADD 1) Refiner and Blender Net Production of Other Finished Conventional Motor Gasoline  (Thousand Barrels per Day),-13,-30
WG6TP_R20_2,Weekly Midwest (PADD 2) Refiner and Blender Net Production of Other Finished Conventional Motor Gasoline  (Thousand Barrels per Day),129,120
WG6TP_R30_2,Weekly Gulf Coast (PADD 3) Refiner and Blender Net Production of Other Finished Conventional Motor Gasoline  (Thousand Barrels per Day),695,550
WG6TP_R40_2,Weekly Rocky Mountain (PADD 4) Refiner and Blender Net Production of Other Finished Conventional Motor Gasoline  (Thousand Barrels per Day),63,52
WG6TP_R50_2,Weekly West Coast (PADD 5) Refiner and Blender Net Production of Other Finished Conventional Motor Gasoline  (Thousand Barrels per Day),1,-43
WKJRPUS2,Weekly U.S. Refiner and Blender Net Production of Kerosene-Type Jet Fuel  (Thousand Barrels per Day),1932,1892
WKJRPP12,Weekly East Coast (PADD 1) Refiner and Blender Net Production of Kerosene-Type Jet Fuel  (Thousand Barrels per Day),105,106
WKJRPP22,Weekly Midwest (PADD 2) Refiner and Blender Net Production of Kerosene-Type Jet Fuel  (Thousand Barrels per Day),308,323
WKJRPP32,Weekly Gulf Coast (PADD 3) Refiner and Blender Net Production of Kerosene-Type Jet Fuel  (Thousand Barrels per Day),987,986
WKJRPP42,Weekly Rocky Mountain (PADD 4) Refiner and Blender Net Production of Kerosene-Type Jet Fuel  (Thousand Barrels per Day),32,35
WKJRPP52,Weekly West Coast (PADD 5) Refiner and Blender Net Production of Kerosene-Type Jet Fuel  (Thousand Barrels per Day),501,441
WKCRPUS2,Weekly U.S.  Refiner and Blender Net Production of Commercial Kerosene-Type Jet Fuel  (Thousand Barrels per Day),1868,1831
WKCRPP12,Weekly East Coast (PADD 1)  Refiner and Blender Net Production of Commercial Kerosene-Type Jet Fuel  (Thousand Barrels per Day),105,106
WKCRPP22,Weekly Midwest (PADD 2)  Refiner and Blender Net Production of Commercial Kerosene-Type Jet Fuel  (Thousand Barrels per Day),308,323
WKCRPP32,Weekly Gulf Coast (PADD 3)  Refiner and Blender Net Production of Commercial Kerosene-Type Jet Fuel  (Thousand Barrels per Day),964,963
WKCRPP42,Weekly Rocky Mountain (PADD 4)  Refiner and Blender Net Production of Commercial Kerosene-Type Jet Fuel  (Thousand Barrels per Day),26,29
WKCRPP52,Weekly West Coast (PADD 5)  Refiner and Blender Net Production of Commercial Kerosene-Type Jet Fuel  (Thousand Barrels per Day),466,409
WKMRPUS2,Weekly U.S.  Refiner and Blender Net Production of Military Kerosene-Type Jet Fuel  (Thousand Barrels per Day),60,57
WKMRPP12,Weekly East Coast (PADD 1)  Refiner and Blender Net Production of Military Kerosene-Type Jet Fuel  (Thousand Barrels per Day),0,0
WKMRPP22,Weekly Midwest (PADD 2)  Refiner and Blender Net Production of Military Kerosene-Type Jet Fuel  (Thousand Barrels per Day),1,1
WKMRPP32,Weekly Gulf Coast (PADD 3)  Refiner and Blender Net Production of Military Kerosene-Type Jet Fuel  (Thousand Barrels per Day),21,22
WKMRPP42,Weekly Rocky Mountain (PADD 4)  Refiner and Blender Net Production of Military Kerosene-Type Jet Fuel  (Thousand Barrels per Day),3,3
WKMRPP52,Weekly West Coast (PADD 5)  Refiner and Blender Net Production of Military Kerosene-Type Jet Fuel  (Thousand Barrels per Day),35,32
WDIRPUS2,Weekly U.S. Refiner and Blender Net Production of Distillate Fuel Oil  (Thousand Barrels per Day),4902,5106
WDIRPP12,Weekly East Coast (PADD 1) Refiner and Blender Net Production of Distillate Fuel Oil  (Thousand Barrels per Day),213,255
WDIRPP22,Weekly Midwest (PADD 2) Refiner and Blender Net Production of Distillate Fuel Oil  (Thousand Barrels per Day),1115,1102
WDIRPP32,Weekly Gulf Coast (PADD 3) Refiner and Blender Net Production of Distillate Fuel Oil  (Thousand Barrels per Day),2953,3089
WDIRPP42,Weekly Rocky Mountain (PADD 4) Refiner and Blender Net Production of Distillate Fuel Oil  (Thousand Barrels per Day),197,187
WDIRPP52,Weekly West Coast (PADD 5) Refiner and Blender Net Production of Distillate Fuel Oil  (Thousand Barrels per Day),424,473
WD0TP_NUS_2,"Weekly U.S. Refiner and Blender Net Production of Distillate Fuel Oil, 0 to 15 ppm Sulfur  (Thousand Barrels per Day)",4700,4870
WD0TP_R10_2,"Weekly East Coast (PADD 1) Refiner and Blender Net Production of Distillate Fuel Oil, 0 to 15 ppm Sulfur  (Thousand Barrels per Day)",209,223
WD0TP_R20_2,"Weekly Midwest (PADD 2) Refiner and Blender Net Production of Distillate Fuel Oil, 0 to 15 ppm Sulfur  (Thousand Barrels per Day)",1126,1098
WD0TP_R30_2,"Weekly Gulf Coast (PADD 3) Refiner and Blender Net Production of Distillate Fuel Oil, 0 to 15 ppm Sulfur  (Thousand Barrels per Day)",2770,2916
WD0TP_R40_2,"Weekly Rocky Mountain (PADD 4) Refiner and Blender Net Production of Distillate Fuel Oil, 0 to 15 ppm Sulfur  (Thousand Barrels per Day)",197,192
WD0TP_R50_2,"Weekly West Coast (PADD 5) Refiner and Blender Net Production of Distillate Fuel Oil, 0 to 15 ppm Sulfur  (Thousand Barrels per Day)",400,440
WD1TP_NUS_2,"Weekly U.S. Production of Distillate Fuel Oil, Greater than 15 to 500 ppm Sulfur  (Thousand Barrels per Day)",124,152
WD1TP_R10_2,"Weekly East Coast (PADD 1) Refiner and Blender Net Production of  Distillate Fuel Oil, Greater than 15 to 500 ppm Sulfur  (Thousand Barrels per Day)",7,8
WD1TP_R20_2,"Weekly Midwest (PADD 2)Refiner and Blender Net Production of Distillate Fuel Oil, Greater than 15 to 500 ppm Sulfur  (Thousand Barrels per Day)",7,11
WD1TP_R30_2,"Weekly Gulf Coast (PADD 3) Refiner and Blender Net Production of Distillate Fuel Oil, Greater than 15 to 500 ppm Sulfur  (Thousand Barrels per Day)",104,97
WD1TP_R40_2,"Weekly Rocky Mountain (PADD 4) Refiner and Blender Net Production of Distillate Fuel Oil, Greater than 15 to 500 ppm Sulfur  (Thousand Barrels per Day)",0,0
WD1TP_R50_2,"Weekly West Coast (PADD 5) Refiner and Blender Net Production of Distillate Fuel Oil, Greater than 15 to 500 ppm Sulfur  (Thousand Barrels per Day)",6,35
WDGRPUS2,Weekly U.S.  Refiner and Blender Net Production of Distillate Fuel Oil Greater than 500 ppm Sulfur  (Thousand Barrels per Day),79,85
WDGRPP12,Weekly East Coast (PADD 1)  Refiner and Blender Net Production of Distillate Fuel Oil Greater than 500 ppm Sulfur  (Thousand Barrels per Day),-3,24
WDGRPP22,Weekly Midwest (PADD 2)  Refiner and Blender Net Production of Distillate Fuel Oil Greater than 500 ppm Sulfur  (Thousand Barrels per Day),-17,-7
WDGRPP32,Weekly Gulf Coast (PADD 3)  Refiner and Blender Net Production of Distillate Fuel Oil Greater than 500 ppm Sulfur  (Thousand Barrels per Day),80,76
WDGRPP42,Weekly Rocky Mountain (PADD 4)  Refiner and Blender Net Production of Distillate Fuel Oil Greater than 500 ppm Sulfur  (Thousand Barrels per Day),0,-5
WDGRPP52,Weekly West Coast (PADD 5)  Refiner and Blender Net Production of Distillate Fuel Oil Greater than 500 ppm Sulfur  (Thousand Barrels per Day),19,-2
WRERPUS2,Weekly U.S. Refiner and Blender Net Production of Residual Fuel Oil  (Thousand Barrels per Day),294,339
WRERPP12,Weekly East Coast (PADD 1) Refiner and Blender Net Production of Residual Fuel Oil  (Thousand Barrels per Day),59,58
WRERPP22,Weekly Midwest (PADD 2) Refiner and Blender Net Production of Residual Fuel Oil  (Thousand Barrels per Day),21,39
WRERPP32,Weekly Gulf Coast (PADD 3) Refiner and Blender Net Production of Residual Fuel Oil  (Thousand Barrels per Day),117,135
WRERPP42,Weekly Rocky Mountain (PADD 4) Refiner and Blender Net Production of Residual Fuel Oil  (Thousand Barrels per Day),11,11
WRERPP52,Weekly West Coast (PADD 5) Refiner and Blender Net Production of Residual Fuel Oil  (Thousand Barrels per Day),87,96
WPRTP_NUS_2,"Weekly U.S. Refiner, Blender, and Gas Plant Net Production of Propane and Propylene  (Thousand Barrels per Day)",2705,2737
WPRNPP12,"Weekly East Coast (PADD 1) Refiner, Blender, and Gas Plant Net Production of Propane and Propylene  (Thousand Barrels per Day)",244,246
WPRNPP22,"Weekly Midwest (PADD 2) Refiner, Blender, and Gas Plant Net Production of Propane and Propylene  (Thousand Barrels per Day)",514,529
WPRNPP32,"Weekly Gulf Coast (PADD 3) Refiner, Blender, and Gas Plant Net Production of Propane and Propylene  (Thousand Barrels per Day)",1710,1721
W_EPLLPZ_YPT_R4N5_MBBLD,"Weekly Rocky Mountain (PADD 4) and West Coast (PADD 5) Refiner, Blender, and Gas Plant Net Production of Propane and Propylene  (Thousand Barrels per Day)",238,241
W_EPOOXE_YOP_NUS_MBBLD,Weekly U.S. Oxygenate Plant Production of Fuel Ethanol  (Thousand Barrels per Day),1043,1064
W_EPOOXE_YOP_R10_MBBLD,Weekly East Coast (PADD 1) Oxygenate Plant Production of Fuel Ethanol  (Thousand Barrels per Day),12,12
W_EPOOXE_YOP_R20_MBBLD,Weekly Midwest (PADD 2) Oxygenate Plant Production of Fuel Ethanol  (Thousand Barrels per Day),987,1008
W_EPOOXE_YOP_R30_MBBLD,Weekly Gulf Coast (PADD 3) Oxygenate Plant Production of Fuel Ethanol  (Thousand Barrels per Day),24,25
W_EPOOXE_YOP_R40_MBBLD,Weekly Rocky Mountain (PADD 4) Oxygenate Plant Production of Fuel Ethanol  (Thousand Barrels per Day),10,10
W_EPOOXE_YOP_R50_MBBLD,Weekly West Coast (PADD 5) Oxygenate Plant Production of Fuel Ethanol  (Thousand Barrels per Day),10,8
WCRSTUS1,Weekly U.S. Ending Stocks of Crude Oil  (Thousand Barrels),832893,821134
WCESTUS1,Weekly U.S. Ending Stocks excluding SPR of Crude Oil  (Thousand Barrels),460696,448539
WCESTP11,Weekly East Coast (PADD 1) Ending Stocks excluding SPR of Crude Oil  (Thousand Barrels),8099,8059
WCESTP21,Weekly Midwest (PADD 2) Ending Stocks excluding SPR of Crude Oil  (Thousand Barrels),116311,116029
W_EPC0_SAX_YCUOK_MBBL,"Weekly Cushing, OK Ending Stocks excluding SPR of Crude Oil  (Thousand Barrels)",33896,34241
WCESTP31,Weekly Gulf Coast (PADD 3) Ending Stocks excluding SPR of Crude Oil  (Thousand Barrels),264305,257139
WCESTP41,Weekly Rocky Mountain (PADD 4) Ending Stocks excluding SPR of Crude Oil  (Thousand Barrels),24036,23400
WCESTP51,Weekly West Coast (PADD 5) Ending Stocks excluding SPR of Crude Oil  (Thousand Barrels),47944,43912
W_EPC0_SKA_NUS_MBBL,Weekly U.S. Crude Oil Stocks in Transit (on Ships) from Alaska  (Thousand Barrels),3623,2225
WCSSTUS1,Weekly U.S. Ending Stocks of Crude Oil in SPR  (Thousand Barrels),372197,372595
WGTSTUS1,Weekly U.S. Ending Stocks of Total Gasoline  (Thousand Barrels),233886,231672
WGTSTP11,Weekly East Coast (PADD 1) Ending Stocks of Total Gasoline  (Thousand Barrels),55990,56973
WGTSTP21,Weekly Midwest (PADD 2) Ending Stocks of Total Gasoline  (Thousand Barrels),47854,48098
WGTSTP31,Weekly Gulf Coast (PADD 3) Ending Stocks of Total Gasoline  (Thousand Barrels),90003,86820
WGTSTP41,Weekly Rocky Mountain (PADD 4) Ending Stocks of Total Gasoline  (Thousand Barrels),8056,7926
WGTSTP51,Weekly West Coast (PADD 5) Ending Stocks of Total Gasoline  (Thousand Barrels),31982,31855
WGFSTUS1,Weekly U.S. Ending Stocks of Finished Motor Gasoline  (Thousand Barrels),18000,16114
WGRSTUS1,Weekly U.S. Ending Stocks of Reformulated Motor Gasoline  (Thousand Barrels),15,17
WGRSTP11,Weekly East Coast (PADD 1) Ending Stocks of Reformulated Motor Gasoline  (Thousand Barrels),3,3
WGRSTP21,Weekly Midwest (PADD 2) Ending Stocks of Reformulated Motor Gasoline  (Thousand Barrels),0,0
WGRSTP31,Weekly Gulf Coast (PADD 3) Ending Stocks of Reformulated Motor Gasoline  (Thousand Barrels),0,0
WGRSTP41,Weekly Rocky Mountain (PADD 4) Ending Stocks of Reformulated Motor Gasoline  (Thousand Barrels),0,0
WGRSTP51,Weekly West Coast (PADD 5) Ending Stocks of Reformulated Motor Gasoline  (Thousand Barrels),12,14
WG1ST_NUS_1,Weekly U.S. Ending Stocks of Reformulated Motor Gasoline with Fuel ALcohol  (Thousand Barrels),15,17
WG1ST_R10_1,Weekly East Coast (PADD 1) Ending Stocks of Reformulated Motor Gasoline with Fuel ALcohol  (Thousand Barrels),3,3
WG1ST_R20_1,Weekly Midwest (PADD 2) Ending Stocks of Reformulated Motor Gasoline with Fuel ALcohol  (Thousand Barrels),0,0
WG1ST_R30_1,Weekly Gulf Coast (PADD 3) Ending Stocks of Reformulated Motor Gasoline with Fuel ALcohol  (Thousand Barrels),0,0
WG1ST_R40_1,Weekly Rocky Mountain (PADD 4) Ending Stocks of Reformulated Motor Gasoline with Fuel ALcohol  (Thousand Barrels),0,0
WG1ST_R50_1,Weekly West Coast (PADD 5) Ending Stocks of Reformulated Motor Gasoline with Fuel ALcohol  (Thousand Barrels),12,14
WG3ST_NUS_1,"Weekly U.S. Ending Stocks of Reformulated Motor Gasoline, Non-Oxygentated  (Thousand Barrels)",0,0
WG3ST_R10_1,"Weekly East Coast (PADD 1) Ending Stocks of Reformulated Motor Gasoline, Non-Oxygentated  (Thousand Barrels)",0,0
WG3ST_R20_1,"Weekly Midwest (PADD 2) Ending Stocks of Reformulated Motor Gasoline, Non-Oxygentated  (Thousand Barrels)",0,0
WG3ST_R30_1,"Weekly Gulf Coast (PADD 3) Ending Stocks of Reformulated Motor Gasoline, Non-Oxygentated  (Thousand Barrels)",0,0
WG3ST_R40_1,"Weekly Rocky Mountain (PADD 4) Reformulated Gasoline, Non-Oxygenated Ending Stocks  (Thousand Barrels)",0,0
WG3ST_R50_1,"Weekly West Coast (PADD 5) Ending Stocks of Reformulated Motor Gasoline, Non-Oxygentated  (Thousand Barrels)",0,0
WG4ST_NUS_1,Weekly U.S. Ending Stocks of Conventional Motor Gasoline  (Thousand Barrels),17985,16097
WG4ST_R10_1,Weekly East Coast (PADD 1) Ending Stocks of Conventional Motor Gasoline  (Thousand Barrels),2683,2787
WG4ST_R20_1,Weekly Midwest (PADD 2) Ending Stocks of Conventional Motor Gasoline  (Thousand Barrels),3603,3967
WG4ST_R30_1,Weekly Gulf Coast (PADD 3) Ending Stocks of Conventional Motor Gasoline  (Thousand Barrels),8428,6329
WG4ST_R40_1,Weekly Rocky Mountain (PADD 4) Ending Stocks of Conventional Motor Gasoline  (Thousand Barrels),1198,1233
WG4ST_R50_1,Weekly West Coast (PADD 5) Ending Stocks of Conventional Motor Gasoline  (Thousand Barrels),2074,1781
WG5ST_NUS_1,Weekly U.S. Ending Stocks of Conventional Motor Gasoline with Fuel Ethanol  (Thousand Barrels),193,193
WG5ST_R10_1,Weekly East Coast (PADD 1) Ending Stocks of Conventional Motor Gasoline with Fuel Ethanol  (Thousand Barrels),0,0
WG5ST_R20_1,Weekly Midwest (PADD 2) Ending Stocks of Conventional Motor Gasoline with Fuel Ethanol  (Thousand Barrels),107,107
WG5ST_R30_1,Weekly Gulf Coast (PADD 3) Ending Stocks of Conventional Motor Gasoline with Fuel Ethanol  (Thousand Barrels),0,0
WG5ST_R40_1,Weekly Rocky Mountain (PADD 4) Ending Stocks of Conventional Motor Gasoline with Fuel Ethanol  (Thousand Barrels),86,86
WG5ST_R50_1,Weekly West Coast (PADD 5) Ending Stocks of Conventional Motor Gasoline with Fuel Ethanol  (Thousand Barrels),0,0
W_EPM0CAL55_SAE_NUS_MBBL,"Weekly U.S. Ending Stocks of Conventional Motor Gasoline, Ed55 and Lower  (Thousand Barrels)",193,193
W_EPM0CAL55_SAE_R10_MBBL,"Weekly East Coast (PADD 1) Ending Stocks of Conventional Motor Gasoline, Ed55 and Lower  (Thousand Barrels)",0,0
W_EPM0CAL55_SAE_R20_MBBL,"Weekly Midwest (PADD 2) Ending Stocks of Conventional Motor Gasoline, Ed55 and Lower  (Thousand Barrels)",107,107
W_EPM0CAL55_SAE_R30_MBBL,"Weekly Gulf Coast (PADD 3) Ending Stocks of Conventional Motor Gasoline, Ed55 and Lower  (Thousand Barrels)",0,0
W_EPM0CAL55_SAE_R40_MBBL,"Weekly Rocky Mountain (PADD 4) Ending Stocks of Conventional Motor Gasoline, Ed55 and Lower  (Thousand Barrels)",86,86
W_EPM0CAL55_SAE_R50_MBBL,"Weekly West Coast (PADD 5)  Ending Stocks of Conventional Motor Gasoline, Ed55 and Lower  (Thousand Barrels)",0,0
W_EPM0CAG55_SAE_NUS_MBBL,"Weekly U.S. Ending Stocks of Conventional Motor Gasoline, Greater than Ed55  (Thousand Barrels)",0,0
W_EPM0CAG55_SAE_R10_MBBL,"Weekly East Coast (PADD 1) Ending Stocks of Conventional Motor Gasoline, Greater than Ed55  (Thousand Barrels)",0,0
W_EPM0CAG55_SAE_R20_MBBL,"Weekly Midwest (PADD 2) Ending Stocks of Conventional Motor Gasoline, Greater than Ed55  (Thousand Barrels)",0,0
W_EPM0CAG55_SAE_R30_MBBL,"Weekly Gulf Coast (PADD 3) Ending Stocks of Conventional Motor Gasoline, Greater than Ed55  (Thousand Barrels)",0,0
W_EPM0CAG55_SAE_R40_MBBL,"Weekly Rocky Mountain (PADD 4) Ending Stocks of Conventional Motor Gasoline, Greater than Ed55  (Thousand Barrels)",0,0
W_EPM0CAG55_SAE_R50_MBBL,"Weekly West Coast (PADD 5) Ending Stocks of Conventional Motor Gasoline, Greater than Ed55  (Thousand Barrels)",0,0
WG6ST_NUS_1,Weekly U.S. Ending Stocks of Other Conventional Motor Gasoline  (Thousand Barrels),17793,15905
WG6ST_R10_1,Weekly East Coast (PADD 1) Ending Stocks of Other Conventional Motor Gasoline  (Thousand Barrels),2683,2787
WG6ST_R20_1,Weekly Midwest (PADD 2) Ending Stocks of Other Conventional Motor Gasoline  (Thousand Barrels),3496,3860
WG6ST_R30_1,Weekly Gulf Coast (PADD 3) Ending Stocks of Other Conventional Motor Gasoline  (Thousand Barrels),8428,6329
WG6ST_R40_1,Weekly Rocky Mountain (PADD 4) Ending Stocks of Other Conventional Motor Gasoline  (Thousand Barrels),1112,1148
WG6ST_R50_1,Weekly West Coast (PADD 5) Ending Stocks of Other Conventional Motor Gasoline  (Thousand Barrels),2074,1781
WBCSTUS1,Weekly U.S. Ending Stocks of Gasoline Blending Components  (Thousand Barrels),215886,215558
WBCST_R10_1,Weekly East Coast (PADD 1) Ending Stocks of Gasoline Blending Components  (Thousand Barrels),53305,54183
WBCST_R20_1,Weekly Midwest (PADD 2) Ending Stocks of Gasoline Blending Components  (Thousand Barrels),44251,44131
WBCST_R30_1,Weekly Gulf Coast (PADD 3) Ending Stocks of Gasoline Blending Components  (Thousand Barrels),81575,80491
WBCST_R40_1,Weekly Rocky Mountain (PADD 4) Ending Stocks of Gasoline Blending Components  (Thousand Barrels),6859,6693
WBCST_R50_1,Weekly West Coast (PADD 5) Ending Stocks of Gasoline Blending Components  (Thousand Barrels),29896,30060
W_EPOBGRR_SAE_NUS_MBBL,"Weekly U.S. Ending Stocks of Motor Gasoline Blending Components, RBOB  (Thousand Barrels)",50600,52200
W_EPOBGRR_SAE_R10_MBBL,"Weekly East Coast (PADD 1) Ending Stocks of Motor Gasoline Blending Components, RBOB  (Thousand Barrels)",18132,18932
W_EPOBGRR_SAE_R20_MBBL,"Weekly Midwest (PADD 2) Ending Stocks of Motor Gasoline Blending Components, RBOB  (Thousand Barrels)",5515,6066
W_EPOBGRR_SAE_R30_MBBL,"Weekly Gulf Coast (PADD 3) Ending Stocks of Motor Gasoline Blending Components, RBOB  (Thousand Barrels)",11745,11564
W_EPOBGRR_SAE_R40_MBBL,"Weekly Rocky Mountain (PADD 4) Ending Stocks of Motor Gasoline Blending Components, RBOB  (Thousand Barrels)",516,599
W_EPOBGRR_SAE_R50_MBBL,"Weekly West Coast (PADD 5) Ending Stocks of Motor Gasoline Blending Components, RBOB  (Thousand Barrels)",14691,15038
WO6ST_NUS_1,Weekly U.S. Ending Stocks of Conventional CBOB Gasoline Blending Components  (Thousand Barrels),107447,105077
WO6ST_R10_1,Weekly East Coast (PADD 1) Ending Stocks of Conventional CBOB Gasoline Blending Components  (Thousand Barrels),27331,27728
WO6ST_R20_1,Weekly Midwest (PADD 2) Ending Stocks of Conventional CBOB Gasoline Blending Components  (Thousand Barrels),30381,29704
WO6ST_R30_1,Weekly Gulf Coast (PADD 3) Ending Stocks of Conventional CBOB Gasoline Blending Components  (Thousand Barrels),37067,35262
WO6ST_R40_1,Weekly Rocky Mountain (PADD 4) Ending Stocks of Conventional CBOB Gasoline Blending Components  (Thousand Barrels),4929,4637
WO6ST_R50_1,Weekly West Coast (PADD 5) Ending Stocks of Conventional CBOB Gasoline Blending Components  (Thousand Barrels),7738,7745
WO7ST_NUS_1,Weekly U.S. Ending Stocks of Conventional GTAB Gasoline Blending Components  (Thousand Barrels),1194,924
WO7ST_R10_1,Weekly East Coast (PADD 1) Ending Stocks of Conventional GTAB Gasoline Blending Components  (Thousand Barrels),948,678
WO7ST_R20_1,Weekly Midwest (PADD 2) Ending Stocks of Conventional GTAB Gasoline Blending Components  (Thousand Barrels),0,0
WO7ST_R30_1,Weekly Gulf Coast (PADD 3) Ending Stocks of Conventional GTAB Gasoline Blending Components  (Thousand Barrels),246,246
WO7ST_R40_1,Weekly Rocky Mountain (PADD 4) Ending Stocks of Conventional GTAB Gasoline Blending Components  (Thousand Barrels),0,0
WO7ST_R50_1,Weekly West Coast (PADD 5) Ending Stocks of Conventional GTAB Gasoline Blending Components  (Thousand Barrels),0,0
WO9ST_NUS_1,Weekly U.S. Ending Stocks of Conventional Other Gasoline Blending Components  (Thousand Barrels),56646,57357
WO9ST_R10_1,Weekly East Coast (PADD 1) Ending Stocks of Conventional Other Gasoline Blending Components  (Thousand Barrels),6893,6844
WO9ST_R20_1,Weekly Midwest (PADD 2) Ending Stocks of Conventional Other Gasoline Blending Components  (Thousand Barrels),8355,8361
WO9ST_R30_1,Weekly Gulf Coast (PADD 3) Ending Stocks of Conventional Other Gasoline Blending Components  (Thousand Barrels),32516,33419
WO9ST_R40_1,Weekly Rocky Mountain (PADD 4) Ending Stocks of Conventional Other Gasoline Blending Components  (Thousand Barrels),1414,1456
WO9ST_R50_1,Weekly West Coast (PADD 5) Ending Stocks of Conventional Other Gasoline Blending Components  (Thousand Barrels),7468,7277
W_EPOOXE_SAE_NUS_MBBL,Weekly U.S. Ending Stocks of Fuel Ethanol  (Thousand Barrels),23423,23594
W_EPOOXE_SAE_R10_MBBL,Weekly East Coast (PADD 1) Ending Stocks of Fuel Ethanol  (Thousand Barrels),6972,7006
W_EPOOXE_SAE_R20_MBBL,Weekly Midwest (PADD 2) Ending Stocks of Fuel Ethanol  (Thousand Barrels),9618,9533
W_EPOOXE_SAE_R30_MBBL,Weekly Gulf Coast (PADD 3) Ending Stocks of Fuel Ethanol  (Thousand Barrels),4234,4432
W_EPOOXE_SAE_R40_MBBL,Weekly Rocky Mountain (PADD 4) Ending Stocks of Fuel Ethanol  (Thousand Barrels),333,322
W_EPOOXE_SAE_R50_MBBL,Weekly West Coast (PADD 5) Ending Stocks of Fuel Ethanol  (Thousand Barrels),2266,2302
WKJSTUS1,Weekly U.S. Ending Stocks of Kerosene-Type Jet Fuel  (Thousand Barrels),43878,43301
WKJSTP11,Weekly East Coast (PADD 1) Ending Stocks of Kerosene-Type Jet Fuel  (Thousand Barrels),10635,10124
WKJSTP21,Weekly Midwest (PADD 2) Ending Stocks of Kerosene-Type Jet Fuel  (Thousand Barrels),7010,7186
WKJSTP31,Weekly Gulf Coast (PADD 3) Ending Stocks of Kerosene-Type Jet Fuel  (Thousand Barrels),14849,15159
WKJSTP41,Weekly Rocky Mountain (PADD 4) Ending Stocks of Kerosene-Type Jet Fuel  (Thousand Barrels),827,725
WKJSTP51,Weekly West Coast (PADD 5) Ending Stocks of Kerosene-Type Jet Fuel  (Thousand Barrels),10556,10107
WDISTUS1,Weekly U.S. Ending Stocks of Distillate Fuel Oil  (Thousand Barrels),121263,119728
WDISTP11,Weekly East Coast (PADD 1) Ending Stocks of Distillate Fuel Oil  (Thousand Barrels),32957,33334
WDIST1A1,Weekly New England (PADD 1A) Ending Stocks of Distillate Fuel Oil  (Thousand Barrels),4127,4177
WDIST1B1,Weekly Central Atlantic (PADD 1B) Ending Stocks of Distillate Fuel Oil  (Thousand Barrels),17078,16709
WDIST1C1,Weekly Lower Atlantic (PADD 1C) Ending Stocks of Distillate Fuel Oil  (Thousand Barrels),11753,12448
WDISTP21,Weekly Midwest (PADD 2) Ending Stocks of Distillate Fuel Oil  (Thousand Barrels),31138,30483
WDISTP31,Weekly Gulf Coast (PADD 3) Ending Stocks of Distillate Fuel Oil  (Thousand Barrels),43347,41963
WDISTP41,Weekly Rocky Mountain (PADD 4) Ending Stocks of Distillate Fuel Oil  (Thousand Barrels),3840,3880
WDISTP51,Weekly West Coast (PADD 5) Ending Stocks of Distillate Fuel Oil  (Thousand Barrels),9981,10068
WD0ST_NUS_1,"Weekly U.S. Ending Stocks of Distillate Fuel Oil, 0 to 15 ppm Sulfur  (Thousand Barrels)",111027,109336
WD0ST_R10_1,"Weekly East Coast (PADD 1) Ending Stocks of Distillate Fuel Oil, 0 to 15 ppm Sulfur  (Thousand Barrels)",31283,31420
WD0ST_R1X_1,"Weekly New England (PADD 1A ) Ending Stocks of Distillate Fuel Oil, 0 to 15 ppm Sulfur  (Thousand Barrels)",4124,4173
WD0ST_R1Y_1,"Weekly Central Atlantic (PADD 1B) Ending Stocks of Distillate Fuel Oil, 0 to 15 ppm Sulfur  (Thousand Barrels)",16246,15687
WD0ST_R1Z_1,"Weekly Lower Atlantic (PADD 1C) Ending Stocks of Distillate Fuel Oil, 0 to 15 ppm Sulfur  (Thousand Barrels)",10913,11560
WD0ST_R20_1,"Weekly Midwest (PADD 2) Ending Stocks of Distillate Fuel Oil, 0 to 15 ppm Sulfur  (Thousand Barrels)",30377,29672
WD0ST_R30_1,"Weekly Gulf Coast (PADD 3) Ending Stocks of Distillate Fuel Oil, 0 to 15 ppm Sulfur  (Thousand Barrels)",36542,35296
WD0ST_R40_1,"Weekly Rocky Mountain (PADD 4) Ending Stocks of Distillate Fuel Oil, 0 to 15 ppm Sulfur  (Thousand Barrels)",3636,3700
WD0ST_R50_1,"Weekly West Coast (PADD 5) Ending Stocks of Distillate Fuel Oil, 0 to 15 ppm Sulfur  (Thousand Barrels)",9189,9247
WD1ST_NUS_1,"Weekly U.S. Ending Stocks of Distillate Fuel Oil, Greater than 15 to 500 ppm Sulfur  (Thousand Barrels)",2520,3248
WD1ST_R10_1,"Weekly East Coast (PADD 1) Ending Stocks of Distillate Fuel Oil, Greater than 15 to 500 ppm Sulfur  (Thousand Barrels)",573,649
WD1ST_R1X_1,"Weekly New England (PADD 1A ) Ending Stocks of Distillate Fuel Oil, Greater than 15 to 500 ppm Sulfur  (Thousand Barrels)",3,5
WD1ST_R1Y_1,"Weekly Central Atlantic (PADD 1B) Ending Stocks of Distillate Fuel Oil, Greater than 15 to 500 ppm Sulfur  (Thousand Barrels)",141,183
WD1ST_R1Z_1,"Weekly Lower Atlantic (PADD 1C) Ending Stocks of Distillate Fuel Oil, Greater than 15 to 500 ppm Sulfur  (Thousand Barrels)",429,462
WD1ST_R20_1,"Weekly Midwest (PADD 2) Ending Stocks of Distillate Fuel Oil, Greater than 15 to 500 ppm Sulfur  (Thousand Barrels)",334,414
WD1ST_R30_1,"Weekly Gulf Coast (PADD 3) Ending Stocks of Distillate Fuel Oil, Greater than 15 to 500 ppm Sulfur  (Thousand Barrels)",1267,1750
WD1ST_R40_1,"Weekly Rocky Mountain (PADD 4) Ending Stocks of Distillate Fuel Oil, Greater than 15 to 500 ppm Sulfur  (Thousand Barrels)",117,129
WD1ST_R50_1,"Weekly West Coast (PADD 5) Ending Stocks of Distillate Fuel Oil, Greater than 15 to 500 ppm Sulfur  (Thousand Barrels)",229,307
WDGSTUS1,"Weekly U.S. Ending Stocks of Distillate Fuel Oil, Greater Than 500 ppm Sulfur  (Thousand Barrels)",7716,7144
WDGSTP11,"Weekly East Coast (PADD 1) Ending Stocks of Distillate Fuel Oil, Greater Than 500 ppm Sulfur  (Thousand Barrels)",1101,1266
WDGST1A1,"Weekly New England (PADD 1A) Ending Stocks of Distillate Fuel Oil, Greater Than 500 ppm Sulfur  (Thousand Barrels)",0,0
WDGST1B1,"Weekly Central Atlantic (PADD 1B) Ending Stocks of Distillate Fuel Oil, Greater Than 500 ppm Sulfur  (Thousand Barrels)",690,839
WDGST1C1,"Weekly Lower Atlantic (PADD 1C) Ending Stocks of Distillate Fuel Oil, Greater Than 500 ppm Sulfur  (Thousand Barrels)",411,427
WDGSTP21,"Weekly Midwest (PADD 2) Ending Stocks of Distillate Fuel Oil, Greater Than 500 ppm Sulfur  (Thousand Barrels)",428,397
WDGSTP31,"Weekly Gulf Coast (PADD 3) Ending Stocks of Distillate Fuel Oil, Greater Than 500 ppm Sulfur  (Thousand Barrels)",5537,4917
WDGSTP41,"Weekly Rocky Mountain (PADD 4) Ending Stocks of Distillate Fuel Oil, Greater Than 500 ppm Sulfur  (Thousand Barrels)",87,51
WDGSTP51,"Weekly West Coast (PADD 5) Ending Stocks of Distillate Fuel Oil, Greater Than 500 ppm Sulfur  (Thousand Barrels)",563,514
WRESTUS1,Weekly U.S. Ending Stocks of Residual Fuel Oil  (Thousand Barrels),28463,28193
WRESTP11,Weekly East Coast (PADD 1) Ending Stocks of Residual Fuel Oil  (Thousand Barrels),5894,5715
WREST1A1,Weekly New England (PADD 1A) Ending Stocks of Residual Fuel Oil  (Thousand Barrels),114,100
WREST1B1,Weekly Central Atlantic (PADD 1B) Ending Stocks of Residual Fuel Oil  (Thousand Barrels),4302,4279
WREST1C1,Weekly Lower Atlantic (PADD 1C) Ending Stocks of Residual Fuel Oil  (Thousand Barrels),1478,1335
WRESTP21,Weekly Midwest (PADD 2) Ending Stocks of Residual Fuel Oil  (Thousand Barrels),1100,984
WRESTP31,Weekly Gulf Coast (PADD 3) Ending Stocks of Residual Fuel Oil  (Thousand Barrels),17089,16734
WRESTP41,Weekly Rocky Mountain (PADD 4) Ending Stocks of Residual Fuel Oil  (Thousand Barrels),208,208
WRESTP51,Weekly West Coast (PADD 5) Ending Stocks of Residual Fuel Oil  (Thousand Barrels),4172,4551
WPRSTUS1,Weekly U.S. Propane and Propylene Ending Stocks Excluding Propylene at Terminal (Thousand Barrels),73535,75836
WPRSTP11,Weekly East Coast (PADD 1) Propane and Propylene Ending Stocks Excluding Propylene at Terminal (Thousand Barrels),6233,6399
WPRST1A1,Weekly New England (PADD 1A) Propane and Propylene Ending Stocks Excluding Propylene at Terminal (Thousand Barrels),230,235
WPRST1B1,Weekly Central Atlantic (PADD 1B) Propane and Propylene Ending Stocks Excluding Propylene at Terminal (Thousand Barrels),4316,4427
WPRST1C1,Weekly Lower Atlantic (PADD 1C) Propane and Propylene Ending Stocks Excluding Propylene at Terminal (Thousand Barrels),1687,1738
WPRSTP21,Weekly Midwest (PADD 2) Propane and Propylene Ending Stocks Excluding Propylene at Terminal (Thousand Barrels),22297,23358
WPRSTP31,Weekly Gulf Coast (PADD 3) Propane and Propylene Ending Stocks Excluding Propylene at Terminal (Thousand Barrels),40363,41260
WPRST_R4N5_1,Weekly PADD 4 and PADD 5 Propane and Propylene Ending Stocks Excluding Propylene at Terminal (Thousand Barrels),4643,4818
W_EPLLP0C_SKB_NUS_MBBL,"Weekly U.S. Ending Stocks of Propane, fractionated and ready for sale  (Thousand Barrels)",46490,47798
W_EPPO6_SAE_NUS_MBBL,Weekly U.S. Ending Stocks of Other Oils (Excluding Fuel Ethanol)  (Thousand Barrels),310879,312203
WUOSTUS1,Weekly U.S. Ending Stocks of Unfinished Oils  (Thousand Barrels),87149,87148
W_EPPK_SAE_NUS_MBBL,Weekly U.S. Ending Stocks of Kerosene  (Thousand Barrels),1224,1043
W_EPPA_SAE_NUS_MBBL,Weekly U.S. Ending Stocks of Asphalt and Road Oil  (Thousand Barrels),32682,31563
W_EPL0XP_SAE_NUS_MBBL,Weekly U.S. Ending Stocks of NGPLs/LRGs (Excluding Propane/Propylene)  (Thousand Barrels),157075,159813
WTESTUS1,Weekly U.S. Ending Stocks excluding SPR of Crude Oil and Petroleum Products  (Thousand Barrels),1296025,1283067
WTTSTUS1,Weekly U.S. Ending Stocks of Crude Oil and Petroleum Products  (Thousand Barrels),1668222,1655662
W_EPLLP0C_SKB_R10_MBBL,"Weekly East Coast (PADD 1) Ending Stocks of Propane, fractionated and ready for sale  (Thousand Barrels)",4623,4833
W_EPLLP0C_SKB_R1X_MBBL,"Weekly New England (PADD 1A) Ending Stocks of Propane, fractionated and ready for sale  (Thousand Barrels)",230,235
W_EPLLP0C_SKB_R1Y_MBBL,"Weekly Central Atlantic (PADD 1B) Ending Stocks of Propane, fractionated and ready for sale  (Thousand Barrels)",3125,3268
W_EPLLP0C_SKB_R1Z_MBBL,"Weekly Lower Atlantic (PADD 1C) Ending Stocks of Propane, fractionated and ready for sale  (Thousand Barrels)",1268,1329
W_EPLLP0C_SKB_R20_MBBL,"Weekly Midwest (PADD 2) Ending Stocks of Propane, fractionated and ready for sale  (Thousand Barrels)",15846,16528
W_EPLLP0C_SKB_R30_MBBL,"Weekly Gulf Coast (PADD 3) Ending Stocks of Propane, fractionated and ready for sale  (Thousand Barrels)",23441,23690
W_EPLLP0C_SKB_R40_MBBL,"Weekly Rocky Mountain (PADD 4) Ending Stocks of Propane, fractionated and ready for sale  (Thousand Barrels)",971,1005
W_EPLLP0C_SKB_R50_MBBL,"Weekly West Coast (PADD 5) Ending Stocks of Propane, fractionated and ready for sale  (Thousand Barrels)",1609,1743
WCRIMUS2,Weekly U.S. Imports of Crude Oil  (Thousand Barrels per Day),6611,6547
WCEIMUS2,Weekly U.S. Commercial Crude Oil Imports Excluding SPR  (Thousand Barrels per Day),6611,6547
WCEIMP12,Weekly East Coast (PADD 1) Commercial Crude Oil Imports Excluding SPR  (Thousand Barrels per Day),458,988
WCEIMP22,Weekly Midwest (PADD 2) Commercial Crude Oil Imports Excluding SPR  (Thousand Barrels per Day),2989,3092
WCEIMP32,Weekly Gulf Coast (PADD 3) Commercial Crude Oil Imports Excluding SPR  (Thousand Barrels per Day),976,1226
WCEIMP42,Weekly Rocky Mountain (PADD 4) Commercial Crude Oil Imports Excluding SPR  (Thousand Barrels per Day),375,439
WCEIMP52,Weekly West Coast (PADD 5) Commercial Crude Oil Imports Excluding SPR  (Thousand Barrels per Day),1813,802
WCSIMUS2,Weekly U.S. Crude Oil Imports by SPR  (Thousand Barrels per Day),0,0
W_EPC0_IMU_NUS-Z00_MBBLD,Weekly U.S. Crude Oil Imports for SPR by Others  (Thousand Barrels per Day),0,0
WGTIMUS2,Weekly U.S. Imports of Total Gasoline  (Thousand Barrels per Day),762,851
WGTIM_R10-Z00_2,Weekly East Coast (PADD 1) Imports of Total Gasoline  (Thousand Barrels per Day),577,596
WGTIM_R20-Z00_2,Weekly Midwest (PADD 2) Imports of Total Gasoline  (Thousand Barrels per Day),3,6
WGTIM_R30-Z00_2,Weekly Gulf Coast (PADD 3) Imports of Total Gasoline  (Thousand Barrels per Day),27,141
WGTIM_R40-Z00_2,Weekly Rocky Mountain (PADD 4) Imports of Total Gasoline  (Thousand Barrels per Day),3,5
WGTIM_R50-Z00_2,Weekly West Coast (PADD 5) Imports of Total Gasoline  (Thousand Barrels per Day),151,104
W_EPM0F_IM0_NUS-Z00_MBBLD,Weekly U.S. Imports of Finished Motor Gasoline  (Thousand Barrels per Day),166,64
W_EPM0F_IM0_R10-Z00_MBBLD,Weekly East Coast (PADD 1) Imports of Finished Motor Gasoline  (Thousand Barrels per Day),146,53
W_EPM0F_IM0_R20-Z00_MBBLD,Weekly Midwest (PADD 2) Imports of Finished Motor Gasoline  (Thousand Barrels per Day),0,0
W_EPM0F_IM0_R30-Z00_MBBLD,Weekly Gulf Coast (PADD 3) Imports of Finished Motor Gasoline  (Thousand Barrels per Day),0,0
W_EPM0F_IM0_R40-Z00_MBBLD,Weekly Rocky Mountain (PADD 4) Imports of Finished Motor Gasoline  (Thousand Barrels per Day),0,0
W_EPM0F_IM0_R50-Z00_MBBLD,Weekly West Coast (PADD 5) Imports of Finished Motor Gasoline  (Thousand Barrels per Day),20,11
WGRIMUS2,Weekly U.S. Imports of Reformulated Motor Gasoline  (Thousand Barrels per Day),0,0
WGRIM_R10-Z00_2,Weekly East Coast (PADD 1) Imports of Reformulated Motor Gasoline  (Thousand Barrels per Day),0,0
WGRIM_R20-Z00_2,Weekly Midwest (PADD 2) Imports of Reformulated Motor Gasoline  (Thousand Barrels per Day),0,0
WGRIM_R30-Z00_2,Weekly Gulf Coast (PADD 3) Imports of Reformulated Motor Gasoline  (Thousand Barrels per Day),0,0
WGRIM_R40-Z00_2,Weekly Rocky Mountain (PADD 4) Imports of Reformulated Motor Gasoline  (Thousand Barrels per Day),0,0
WGRIM_R50-Z00_2,Weekly West Coast (PADD 5) Imports of Reformulated Motor Gasoline  (Thousand Barrels per Day),0,0
WG1IM_NUS-Z00_2,Weekly U.S. Imports of Reformulated Motor Gasoline with Fuel ALcohol  (Thousand Barrels per Day),0,0
WG1IM_R10-Z00_2,Weekly East Coast (PADD 1) Imports of Reformulated Motor Gasoline with Fuel ALcohol  (Thousand Barrels per Day),0,0
WG1IM_R20-Z00_2,Weekly Midwest (PADD 2) Imports of Reformulated Motor Gasoline with Fuel ALcohol  (Thousand Barrels per Day),0,0
WG1IM_R30-Z00_2,Weekly Gulf Coast (PADD 3) Imports of Reformulated Motor Gasoline with Fuel ALcohol  (Thousand Barrels per Day),0,0
WG1IM_R40-Z00_2,Weekly Rocky Mountain (PADD 4) Imports of Reformulated Motor Gasoline with Fuel ALcohol  (Thousand Barrels per Day),0,0
WG1IM_R50-Z00_2,Weekly West Coast (PADD 5) Imports of Reformulated Motor Gasoline with Fuel ALcohol  (Thousand Barrels per Day),0,0
W_EPM0RO_IM0_NUS-Z00_MBBLD,Weekly U.S. Imports of Other Reformulated Motor Gasoline  (Thousand Barrels per Day),0,0
W_EPM0RO_IM0_R10-Z00_MBBLD,Weekly East Coast (PADD 1) Imports of Other Reformulated Motor Gasoline  (Thousand Barrels per Day),0,0
W_EPM0RO_IM0_R20-Z00_MBBLD,Weekly Midwest (PADD 2) Imports of Other Reformulated Motor Gasoline  (Thousand Barrels per Day),0,0
W_EPM0RO_IM0_R30-Z00_MBBLD,Weekly Gulf Coast (PADD 3) Imports of Other Reformulated Motor Gasoline  (Thousand Barrels per Day),0,0
W_EPM0RO_IM0_R40-Z00_MBBLD,Weekly Rocky Mountain (PADD 4) Imports of Other Reformulated Motor Gasoline  (Thousand Barrels per Day),0,0
W_EPM0RO_IM0_R50-Z00_MBBLD,Weekly West Coast (PADD 5) Imports of Other Reformulated Motor Gasoline  (Thousand Barrels per Day),0,0
WG4IM_NUS-Z00_2,Weekly U.S. Imports of Conventional Motor Gasoline  (Thousand Barrels per Day),166,64
WG4IM_R10-Z00_2,Weekly East Coast (PADD 1) Imports of Conventional Motor Gasoline  (Thousand Barrels per Day),146,53
WG4IM_R20-Z00_2,Weekly Midwest (PADD 2) Imports of Conventional Motor Gasoline  (Thousand Barrels per Day),0,0
WG4IM_R30-Z00_2,Weekly Gulf Coast (PADD 3) Imports of Conventional Motor Gasoline  (Thousand Barrels per Day),0,0
WG4IM_R40-Z00_2,Weekly Rocky Mountain (PADD 4) Imports of Conventional Motor Gasoline  (Thousand Barrels per Day),0,0
WG4IM_R50-Z00_2,Weekly West Coast (PADD 5) Imports of Conventional Motor Gasoline  (Thousand Barrels per Day),20,11
WG5IM_NUS-Z00_2,Weekly U.S. Imports of Conventional Motor Gasoline with Fuel Ethanol  (Thousand Barrels per Day),0,0
WG5IM_R10-Z00_2,Weekly East Coast (PADD 1) Imports of Conventional Motor Gasoline with Fuel Ethanol  (Thousand Barrels per Day),0,0
WG5IM_R20-Z00_2,Weekly Midwest (PADD 2) Imports of Conventional Motor Gasoline with Fuel Ethanol  (Thousand Barrels per Day),0,0
WG5IM_R30-Z00_2,Weekly Gulf Coast (PADD 3) Imports of Conventional Motor Gasoline with Fuel Ethanol  (Thousand Barrels per Day),0,0
WG5IM_R40-Z00_2,Weekly Rocky Mountain (PADD 4) Imports of Conventional Motor Gasoline with Fuel Ethanol  (Thousand Barrels per Day),0,0
WG5IM_R50-Z00_2,Weekly West Coast (PADD 5) Imports of Conventional Motor Gasoline with Fuel Ethanol  (Thousand Barrels per Day),0,0
W_EPM0CAL55_IM0_NUS-Z00_MBBLD,"Weekly U.S. Imports of Motor Gasoline, Finished, Conventional, Ed55 and Lower  (Thousand Barrels per Day)",0,0
W_EPM0CAL55_IM0_R10-Z00_MBBLD,"Weekly East Coast (PADD 1) Imports of Motor Gasoline, Finished, Conventional, Ed55 and Lower  (Thousand Barrels per Day)",0,0
W_EPM0CAL55_IM0_R20-Z00_MBBLD,"Weekly Midwest (PADD 2) Imports of Motor Gasoline, Finished, Conventional, Ed55 and Lower  (Thousand Barrels per Day)",0,0
W_EPM0CAL55_IM0_R30-Z00_MBBLD,"Weekly Gulf Coast (PADD 3) Imports of Motor Gasoline, Finished, Conventional, Ed55 and Lower  (Thousand Barrels per Day)",0,0
W_EPM0CAL55_IM0_R40-Z00_MBBLD,"Weekly Rocky Mountain (PADD 4) Imports of Motor Gasoline, Finished, Conventional, Ed55 and Lower  (Thousand Barrels per Day)",0,0
W_EPM0CAL55_IM0_R50-Z00_MBBLD,"Weekly West Coast (PADD 5) Imports from of Motor Gasoline, Finished, Conventional, Ed55 and Lower  (Thousand Barrels per Day)",0,0
W_EPM0CAG55_IM0_NUS-Z00_MBBLD,"Weekly U.S. Imports of Motor Gasoline, Finished, Conventional, Greater than Ed55  (Thousand Barrels per Day)",0,0
W_EPM0CAG55_IM0_R10-Z00_MBBLD,"Weekly East Coast (PADD 1) Imports of Motor Gasoline, Finished, Conventional, Greater than Ed55  (Thousand Barrels per Day)",0,0
W_EPM0CAG55_IM0_R20-Z00_MBBLD,"Weekly Midwest (PADD 2) Imports of Motor Gasoline, Finished, Conventional, Greater than Ed55  (Thousand Barrels per Day)",0,0
W_EPM0CAG55_IM0_R30-Z00_MBBLD,"Weekly Gulf Coast (PADD 3) Imports of Motor Gasoline, Finished, Conventional, Greater than Ed55  (Thousand Barrels per Day)",0,0
W_EPM0CAG55_IM0_R40-Z00_MBBLD,"Weekly Rocky Mountain (PADD 4) Imports of Motor Gasoline, Finished, Conventional, Greater than Ed55  (Thousand Barrels per Day)",0,0
W_EPM0CAG55_IM0_R50-Z00_MBBLD,"Weekly West Coast (PADD 5) Imports of Motor Gasoline, Finished, Conventional, Greater than Ed55  (Thousand Barrels per Day)",0,0
WG6IM_NUS-Z00_2,Weekly U.S. Imports of Other Conventional Motor Gasoline  (Thousand Barrels per Day),166,64
WG6IM_R10-Z00_2,Weekly East Coast (PADD 1) Imports of Other Conventional Motor Gasoline  (Thousand Barrels per Day),146,53
WG6IM_R20-Z00_2,Weekly Midwest (PADD 2) Imports of Other Conventional Motor Gasoline  (Thousand Barrels per Day),0,0
WG6IM_R30-Z00_2,Weekly Gulf Coast (PADD 3) Imports of Other Conventional Motor Gasoline  (Thousand Barrels per Day),0,0
WG6IM_R40-Z00_2,Weekly Rocky Mountain (PADD 4) Imports of Other Conventional Motor Gasoline  (Thousand Barrels per Day),0,0
WG6IM_R50-Z00_2,Weekly West Coast (PADD 5) Imports of Other Conventional Motor Gasoline  (Thousand Barrels per Day),20,11
WBCIMUS2,Weekly U.S. Imports of Gasoline Blending Components  (Thousand Barrels per Day),595,787
WBCIM_R10-Z00_2,Weekly East Coast (PADD 1) Imports of Gasoline Blending Components  (Thousand Barrels per Day),430,543
WBCIM_R20-Z00_2,Weekly Midwest (PADD 2) Imports of Gasoline Blending Components  (Thousand Barrels per Day),3,6
WBCIM_R30-Z00_2,Weekly Gulf Coast (PADD 3) Imports of Gasoline Blending Components  (Thousand Barrels per Day),27,141
WBCIM_R40-Z00_2,Weekly Rocky Mountain (PADD 4) Imports of Gasoline Blending Components  (Thousand Barrels per Day),3,5
WBCIM_R50-Z00_2,Weekly West Coast (PADD 5) Imports of Gasoline Blending Components  (Thousand Barrels per Day),131,93
W_EPOBGRR_IM0_NUS-Z00_MBBLD,"Weekly U.S. Imports from  All Countries of Motor Gasoline Blending Components, RBOB  (Thousand Barrels per Day)",207,296
W_EPOBGRR_IM0_R10-Z00_MBBLD,"Weekly East Coast (PADD 1) Imports from  All Countries of Motor Gasoline Blending Components, RBOB  (Thousand Barrels per Day)",207,289
W_EPOBGRR_IM0_R20-Z00_MBBLD,"Weekly Midwest (PADD 2) Imports from  All Countries of Motor Gasoline Blending Components, RBOB  (Thousand Barrels per Day)",0,0
W_EPOBGRR_IM0_R30-Z00_MBBLD,"Weekly Gulf Coast (PADD 3) Imports from  All Countries of Motor Gasoline Blending Components, RBOB  (Thousand Barrels per Day)",0,0
W_EPOBGRR_IM0_R40-Z00_MBBLD,Weekly Rocky Mountain (PADD 4) Imports from  All Countries of Motor Gasoline Blending Components Reformulated RBOB  (Thousand Barrels per Day),0,0
W_EPOBGRR_IM0_R50-Z00_MBBLD,"Weekly West Coast (PADD 5) Imports from  All Countries of Motor Gasoline Blending Components, RBOB  (Thousand Barrels per Day)",0,7
WO6IM_NUS-Z00_2,Weekly U.S. Imports of Conventional CBOB Gasoline Blending Components  (Thousand Barrels per Day),25,54
WO6IM_R10-Z00_2,Weekly East Coast (PADD 1) Imports of Conventional CBOB Gasoline Blending Components  (Thousand Barrels per Day),25,54
WO6IM_R20-Z00_2,Weekly Midwest (PADD 2) Imports of Conventional CBOB Gasoline Blending Components  (Thousand Barrels per Day),0,0
WO6IM_R30-Z00_2,Weekly Gulf Coast (PADD 3) Imports of Conventional CBOB Gasoline Blending Components  (Thousand Barrels per Day),0,0
WO6IM_R40-Z00_2,Weekly Rocky Mountain (PADD 4) Imports of Conventional CBOB Gasoline Blending Components  (Thousand Barrels per Day),0,0
WO6IM_R50-Z00_2,Weekly West Coast (PADD 5) Imports of Conventional CBOB Gasoline Blending Components  (Thousand Barrels per Day),0,0
WO7IM_NUS-Z00_2,Weekly U.S. Imports of Conventional GTAB Gasoline Blending Components  (Thousand Barrels per Day),103,99
WO7IM_R10-Z00_2,Weekly East Coast (PADD 1) Imports of Conventional GTAB Gasoline Blending Components  (Thousand Barrels per Day),59,99
WO7IM_R20-Z00_2,Weekly Midwest (PADD 2) Imports of Conventional GTAB Gasoline Blending Components  (Thousand Barrels per Day),0,0
WO7IM_R30-Z00_2,Weekly Gulf Coast (PADD 3) Imports of Conventional GTAB Gasoline Blending Components  (Thousand Barrels per Day),0,0
WO7IM_R40-Z00_2,Weekly Rocky Mountain (PADD 4) Imports of Conventional GTAB Gasoline Blending Components  (Thousand Barrels per Day),0,0
WO7IM_R50-Z00_2,Weekly West Coast (PADD 5) Imports of Conventional GTAB Gasoline Blending Components  (Thousand Barrels per Day),44,0
WO9IM_NUS-Z00_2,Weekly U.S. Imports of Conventional Other Gasoline Blending Components  (Thousand Barrels per Day),260,339
WO9IM_R10-Z00_2,Weekly East Coast (PADD 1) Imports of Conventional Other Gasoline Blending Components  (Thousand Barrels per Day),139,102
WO9IM_R20-Z00_2,Weekly Midwest (PADD 2) Imports of Conventional Other Gasoline Blending Components  (Thousand Barrels per Day),3,6
WO9IM_R30-Z00_2,Weekly Gulf Coast (PADD 3) Imports of Conventional Other Gasoline Blending Components  (Thousand Barrels per Day),27,141
WO9IM_R40-Z00_2,Weekly Rocky Mountain (PADD 4) Conventional Other Gasoline Blending Components Imports  (Thousand Barrels per Day),3,5
WO9IM_R50-Z00_2,Weekly West Coast (PADD 5) Imports of Conventional Other Gasoline Blending Components  (Thousand Barrels per Day),88,86
W_EPOOXE_IM0_NUS-Z00_MBBLD,Weekly U.S. Imports of Fuel Ethanol  (Thousand Barrels per Day),0,0
W_EPOOXE_IM0_R10-Z00_MBBLD,Weekly East Coast (PADD 1) Imports of Fuel Ethanol  (Thousand Barrels per Day),0,0
W_EPOOXE_IM0_R20-Z00_MBBLD,Weekly Midwest (PADD 2) Imports of Fuel Ethanol  (Thousand Barrels per Day),0,0
W_EPOOXE_IM0_R30-Z00_MBBLD,Weekly Gulf Coast (PADD 3) Imports of Fuel Ethanol  (Thousand Barrels per Day),0,0
W_EPOOXE_IM0_R40-Z00_MBBLD,Weekly Rocky Mountain (PADD 4) Imports of Fuel Ethanol  (Thousand Barrels per Day),0,0
W_EPOOXE_IM0_R50-Z00_MBBLD,Weekly West Coast (PADD 5) Imports of Fuel Ethanol  (Thousand Barrels per Day),0,0
WKJIMUS2,Weekly U.S. Imports of Kerosene-Type Jet Fuel  (Thousand Barrels per Day),173,130
WKJIM_R10-Z00_2,Weekly East Coast (PADD 1) Imports of Kerosene-Type Jet Fuel  (Thousand Barrels per Day),14,33
WKJIM_R20-Z00_2,Weekly Midwest (PADD 2) Imports of Kerosene-Type Jet Fuel  (Thousand Barrels per Day),0,0
WKJIM_R30-Z00_2,Weekly Gulf Coast (PADD 3) Imports of Kerosene-Type Jet Fuel  (Thousand Barrels per Day),0,0
WKJIM_R40-Z00_2,Weekly Rocky Mountain (PADD 4) Imports of Kerosene-Type Jet Fuel  (Thousand Barrels per Day),0,0
WKJIM_R50-Z00_2,Weekly West Coast (PADD 5) Imports of Kerosene-Type Jet Fuel  (Thousand Barrels per Day),159,97
WDIIMUS2,Weekly U.S. Imports of Distillate Fuel Oil  (Thousand Barrels per Day),133,94
WDIIM_R10-Z00_2,Weekly East Coast (PADD 1) Imports of Distillate Fuel Oil  (Thousand Barrels per Day),73,78
WDIIM_R20-Z00_2,Weekly Midwest (PADD 2) Imports of Distillate Fuel Oil  (Thousand Barrels per Day),21,5
WDIIM_R30-Z00_2,Weekly Gulf Coast (PADD 3) Imports of Distillate Fuel Oil  (Thousand Barrels per Day),4,0
WDIIM_R40-Z00_2,Weekly Rocky Mountain (PADD 4) Imports of Distillate Fuel Oil  (Thousand Barrels per Day),7,0
WDIIM_R50-Z00_2,Weekly West Coast (PADD 5) Imports of Distillate Fuel Oil  (Thousand Barrels per Day),27,11
WD0IM_NUS-Z00_2,"Weekly U.S. Imports of Distillate Fuel Oil, 0 to 15 ppm Sulfur  (Thousand Barrels per Day)",127,91
WD0IM_R10-Z00_2,"Weekly East Coast (PADD 1) Imports of Distillate Fuel Oil, 0 to 15 ppm Sulfur  (Thousand Barrels per Day)",73,78
WD0IM_R20-Z00_2,"Weekly Midwest (PADD 2) Imports of Distillate Fuel Oil, 0 to 15 ppm Sulfur  (Thousand Barrels per Day)",20,2
WD0IM_R30-Z00_2,"Weekly Gulf Coast (PADD 3) Imports of Distillate Fuel Oil, 0 to 15 ppm Sulfur  (Thousand Barrels per Day)",0,0
WD0IM_R40-Z00_2,"Weekly Rocky Mountain (PADD 4) Imports of Distillate Fuel Oil, 0 to 15 ppm Sulfur  (Thousand Barrels per Day)",7,0
WD0IM_R50-Z00_2,"Weekly West Coast (PADD 5) Imports of Distillate Fuel Oil, 0 to 15 ppm Sulfur  (Thousand Barrels per Day)",27,11
WD1IM_NUS-Z00_2,"Weekly U.S. Imports of Distillate Fuel Oil, Greater than 15 to 500 ppm Sulfur  (Thousand Barrels per Day)",4,0
WD1IM_R10-Z00_2,"Weekly East Coast (PADD 1) Imports of Distillate Fuel Oil, Greater than 15 to 500 ppm Sulfur  (Thousand Barrels per Day)",0,0
WD1IM_R20-Z00_2,"Weekly Midwest (PADD 2) Imports of Distillate Fuel Oil, Greater than 15 to 500 ppm Sulfur  (Thousand Barrels per Day)",0,0
WD1IM_R30-Z00_2,"Weekly Gulf Coast (PADD 3) Imports of Distillate Fuel Oil, Greater than 15 to 500 ppm Sulfur  (Thousand Barrels per Day)",4,0
WD1IM_R40-Z00_2,"Weekly Rocky Mountain (PADD 4) Imports of Distillate Fuel Oil, Greater than 15 to 500 ppm Sulfur  (Thousand Barrels per Day)",0,0
WD1IM_R50-Z00_2,"Weekly West Coast (PADD 5) Imports of Distillate Fuel Oil, Greater than 15 to 500 ppm Sulfur  (Thousand Barrels per Day)",0,0
WD2IM_NUS-Z00_2,"Weekly U.S. Imports of Distillate Fuel Oil, Greater than 500 to 2000 ppm Sulfur  (Thousand Barrels per Day)",1,2
WD2IM_R10-Z00_2,"Weekly East Coast (PADD 1) Imports of Distillate Fuel Oil, Greater than 500 to 2000 ppm Sulfur  (Thousand Barrels per Day)",0,0
WD2IM_R20-Z00_2,"Weekly Midwest (PADD 2) Imports of Distillate Fuel Oil, Greater than 500 to 2000 ppm Sulfur  (Thousand Barrels per Day)",1,2
WD2IM_R30-Z00_2,"Weekly Gulf Coast (PADD 3) Imports of Distillate Fuel Oil, Greater than 500 to 2000 ppm Sulfur  (Thousand Barrels per Day)",0,0
WD2IM_R40-Z00_2,"Weekly Rocky Mountain (PADD 4) Imports of Distillate Fuel Oil, Greater than 500 to 2000 ppm Sulfur  (Thousand Barrels per Day)",0,0
WD2IM_R50-Z00_2,"Weekly West Coast (PADD 5) Imports of Distillate Fuel Oil, Greater than 500 to 2000 ppm Sulfur  (Thousand Barrels per Day)",0,0
WD3IM_NUS-Z00_2,"Weekly U.S. Imports of Distillate Fuel Oil, Greater than 2000 ppm Sulfur  (Thousand Barrels per Day)",0,0
WD3IM_R10-Z00_2,"Weekly East Coast (PADD 1) Imports of Distillate Fuel Oil, Greater than 2000 ppm Sulfur  (Thousand Barrels per Day)",0,0
WD3IM_R20-Z00_2,"Weekly Midwest (PADD 2) Imports of Distillate Fuel Oil, Greater than 2000 ppm Sulfur  (Thousand Barrels per Day)",0,0
WD3IM_R30-Z00_2,"Weekly Gulf Coast (PADD 3) Imports of Distillate Fuel Oil, Greater than 2000 ppm Sulfur  (Thousand Barrels per Day)",0,0
WD3IM_R40-Z00_2,"Weekly Rocky Mountain (PADD 4) Imports of Distillate Fuel Oil, Greater than 2000 ppm Sulfur  (Thousand Barrels per Day)",0,0
WD3IM_R50-Z00_2,"Weekly West Coast (PADD 5) Imports of Distillate Fuel Oil, Greater than 2000 ppm Sulfur  (Thousand Barrels per Day)",0,0
WREIMUS2,Weekly U.S. Imports of Residual Fuel Oil  (Thousand Barrels per Day),87,45
WREIM_R10-Z00_2,Weekly East Coast (PADD 1) Imports of Residual Fuel Oil  (Thousand Barrels per Day),1,1
WREIM_R20-Z00_2,Weekly Midwest (PADD 2) Imports of Residual Fuel Oil  (Thousand Barrels per Day),2,2
WREIM_R30-Z00_2,Weekly Gulf Coast (PADD 3) Imports of Residual Fuel Oil  (Thousand Barrels per Day),78,42
WREIM_R40-Z00_2,Weekly Rocky Mountain (PADD 4) Imports of Residual Fuel Oil  (Thousand Barrels per Day),0,0
WREIM_R50-Z00_2,Weekly West Coast (PADD 5) Imports of Residual Fuel Oil  (Thousand Barrels per Day),6,0
WPRIM_NUS-Z00_2,Weekly U.S. Imports of Propane and Propylene  (Thousand Barrels per Day),75,79
WPRIMP12,Weekly East Coast (PADD 1) Imports of Propane and Propylene  (Thousand Barrels per Day),25,24
WPRIMP22,Weekly Midwest (PADD 2) Imports of Propane and Propylene  (Thousand Barrels per Day),20,27
WPRIMP32,Weekly Gulf Coast (PADD 3) Imports of Propane and Propylene  (Thousand Barrels per Day),0,0
W_EPLLPZ_IM0_R45-Z00_MBBLD,Weekly Rocky Mountain (PADD 4) and West Coast (PADD 5) Imports of Propane and Propylene  (Thousand Barrels per Day),29,28
W_EPPO6_IM0_NUS-Z00_MBBLD,Weekly U.S. Imports of Other Oils (Excluding Fuel Ethanol)  (Thousand Barrels per Day),730,864
W_EPPO6_IM0_R10-Z00_MBBLD,Weekly East Coast (PADD 1) Imports of Other Oils (Excluding Fuel Ethanol)  (Thousand Barrels per Day),150,72
W_EPPO6_IM0_R20-Z00_MBBLD,Weekly Midwest (PADD 2) Imports of Other Oils (Excluding Fuel Ethanol)  (Thousand Barrels per Day),38,70
W_EPPO6_IM0_R30-Z00_MBBLD,Weekly Gulf Coast (PADD 3) Imports of Other Oils (Excluding Fuel Ethanol)  (Thousand Barrels per Day),439,582
W_EPPO6_IM0_R40-Z00_MBBLD,Weekly Rocky Mountain (PADD 4) Imports of Other Oils (Excluding Fuel Ethanol)  (Thousand Barrels per Day),4,10
W_EPPO6_IM0_R50-Z00_MBBLD,Weekly West Coast (PADD 5) Imports of Other Oils (Excluding Fuel Ethanol)  (Thousand Barrels per Day),99,130
W_EPPK_IM0_NUS-Z00_MBBLD,Weekly U.S. Imports of Kerosene  (Thousand Barrels per Day),0,0
W_EPL0XP_IM0_NUS-Z00_MBBLD,Weekly U.S. Imports of Liquefied Petroleum Gasses Less Propane/Propylene  (Thousand Barrels per Day),40,51
WRPIMUS2,Weekly U.S. Imports of Total Petroleum Products  (Thousand Barrels per Day),1959,2063
WTXIM_R10-Z00_2,Weekly East Coast (PADD 1) Imports of Total Petroleum Products  (Thousand Barrels per Day),839,804
WTXIM_R20-Z00_2,Weekly Midwest (PADD 2) Imports of Total Petroleum Products  (Thousand Barrels per Day),85,109
WTXIM_R30-Z00_2,Weekly Gulf Coast (PADD 3) Imports of Total Petroleum Products  (Thousand Barrels per Day),549,765
WTXIM_R40-Z00_2,Weekly Rocky Mountain (PADD 4) Imports of Total Petroleum Products  (Thousand Barrels per Day),18,19
WTXIM_R50-Z00_2,Weekly West Coast (PADD 5) Imports of Total Petroleum Products  (Thousand Barrels per Day),468,366
WTTIMUS2,Weekly U.S. Imports of Crude Oil and Petroleum Products  (Thousand Barrels per Day),8570,8609
WTTIM_R10-Z00_2,Weekly East Coast (PADD 1) Imports of Crude Oil and Petroleum Products  (Thousand Barrels per Day),1297,1792
WTTIM_R20-Z00_2,Weekly Midwest (PADD 2) Imports of Crude Oil and Petroleum Products  (Thousand Barrels per Day),3074,3200
WTTIM_R30-Z00_2,Weekly Gulf Coast (PADD 3) Imports of Crude Oil and Petroleum Products  (Thousand Barrels per Day),1526,1990
WTTIM_R40-Z00_2,Weekly Rocky Mountain (PADD 4) Imports of Crude Oil and Petroleum Products  (Thousand Barrels per Day),392,459
WTTIM_R50-Z00_2,Weekly West Coast (PADD 5) Imports of Crude Oil and Petroleum Products  (Thousand Barrels per Day),2281,1168
WTTEXUS2,Weekly U.S. Exports of Crude Oil and Petroleum Products  (Thousand Barrels per Day),10189,11517
WCREXUS2,Weekly U.S. Exports of Crude Oil  (Thousand Barrels per Day),3910,4401
WRPEXUS2,Weekly U.S. Exports of Total Petroleum Products  (Thousand Barrels per Day),6279,7116
W_EPM0F_EEX_NUS-Z00_MBBLD,Weekly U.S. Exports of Total Motor Gasoline (Thousand Barrels per Day),876,971
W_EPOOXE_EEX_NUS-Z00_MBBLD,Weekly U.S. Exports of Fuel Ethanol (Thousand Barrels per Day),72,105
WKJEXUS2,Weekly U.S. Exports of Kerosene-Type Jet Fuel  (Thousand Barrels per Day),147,271
WDIEXUS2,Weekly U.S. Exports of Total Distillate  (Thousand Barrels per Day),1553,1705
WREEXUS2,Weekly U.S. Exports of Residual Fuel Oil  (Thousand Barrels per Day),180,177
W_EPLLPZ_EEX_NUS-Z00_MBBLD,Weekly U.S. Exports of Propane and Propylene  (Thousand Barrels per Day),1454,1827
W_EPPO4_EEX_NUS-Z00_MBBLD,Weekly U.S. Exports of Other Oils  (Thousand Barrels per Day),1997,2060
WTTNTUS2,Weekly U.S. Net Imports of Crude Oil and Petroleum Products  (Thousand Barrels per Day),-1619,-2908
WCRNTUS2,Weekly U.S. Net Imports of Crude Oil  (Thousand Barrels per Day),2701,2146
WRPNTUS2,Weekly U.S. Net Imports of Total Petroleum Products  (Thousand Barrels per Day),-4320,-5053
WRPUPUS2,Weekly U.S. Product Supplied of Petroleum Products  (Thousand Barrels per Day),20689,21083
WGFUPUS2,Weekly U.S. Product Supplied of Finished Motor Gasoline  (Thousand Barrels per Day),8969,9424
WKJUPUS2,Weekly U.S. Product Supplied of Kerosene-Type Jet Fuel  (Thousand Barrels per Day),1683,1834
WDIUPUS2,Weekly U.S. Product Supplied of Distillate Fuel Oil  (Thousand Barrels per Day),3536,3715
WREUPUS2,Weekly U.S. Product Supplied of Residual Fuel Oil  (Thousand Barrels per Day),276,245
WPRUP_NUS_2,Weekly U.S. Product Supplied of Propane and Propylene  (Thousand Barrels per Day),1027,660
WWOUP_NUS_2,Weekly U.S. Product Supplied of Other Oils  (Thousand Barrels per Day),5199,5206
